Bank Name,City,State,CERT #,Acquiring Institution,Closing Date,Updated Date
SCB Bank,Shelbyville,IN,29761,"First Merchants Bank, National Association",10-Feb-12,13-Feb-12
Charter National Bank and Trust ,Hoffman Estates,IL,23187,"Barrington Bank & Trust Company, National Association",10-Feb-12,13-Feb-12
BankEast,Knoxville,TN,19869,U.S.Bank National Association,27-Jan-12,31-Jan-12
Patriot Bank Minnesota,Forest Lake,MN,34823,First Resource Bank,27-Jan-12,31-Jan-12
Tennessee Commerce Bank ,Franklin,TN,35296,Republic Bank & Trust Company,27-Jan-12,31-Jan-12
First Guaranty Bank and Trust Company of Jacksonville,Jacksonville,FL,16579,"CenterState Bank of Florida, N.A.",27-Jan-12,15-Feb-12
American Eagle Savings Bank,Boothwyn,PA,31581,"Capital Bank, N.A.",20-Jan-12,27-Jan-12
The First State Bank,Stockbridge,GA,19252,Hamilton State Bank,20-Jan-12,27-Jan-12
Central Florida State Bank,Belleview,FL,57186,"CenterState Bank of Florida, N.A.",20-Jan-12,27-Jan-12
Western National Bank,Phoenix,AZ,57917,Washington Federal,16-Dec-11,10-Feb-12
Premier Community Bank of the Emerald Coast,Crestview,FL,58343,Summit Bank,16-Dec-11,10-Feb-12
Central Progressive Bank,Lacombe,LA,19657,First NBC Bank,18-Nov-11,10-Feb-12
Polk County Bank,Johnston,IA,14194,Grinnell State Bank,18-Nov-11,10-Feb-12
Community Bank of Rockmart,Rockmart,GA,57860,Century Bank of Georgia,10-Nov-11,10-Feb-12
SunFirst Bank,Saint George,UT,57087,Cache Valley Bank,4-Nov-11,10-Feb-12
"Mid City Bank, Inc.",Omaha,NE,19397,Premier Bank,4-Nov-11,10-Feb-12
All American Bank,Des Plaines,IL,57759,International Bank of Chicago,28-Oct-11,10-Feb-12
Community Banks of Colorado,Greenwood Village,CO,21132,"Bank Midwest, N.A.",21-Oct-11,10-Feb-12
Community Capital Bank,Jonesboro,GA,57036,State Bank and Trust Company,21-Oct-11,10-Feb-12
Decatur First Bank,Decatur,GA,34392,Fidelity Bank,21-Oct-11,10-Feb-12
Old Harbor Bank,Clearwater,FL,57537,1st United Bank,21-Oct-11,10-Feb-12
Country Bank,Aledo,IL,35395,Blackhawk Bank & Trust,14-Oct-11,10-Feb-12
First State Bank,Cranford,NJ,58046,Northfield Bank,14-Oct-11,10-Feb-12
"Blue Ridge Savings Bank, Inc. ",Asheville,NC,32347,Bank of North Carolina,14-Oct-11,10-Feb-12
Piedmont Community Bank,Gray,GA,57256,State Bank and Trust Company,14-Oct-11,10-Feb-12
Sun Security Bank,Ellington,MO,20115,Great Southern Bank,7-Oct-11,10-Feb-12
The RiverBank,Wyoming,MN,10216,Central Bank,7-Oct-11,10-Feb-12
First International Bank,Plano,TX,33513,American First National Bank,30-Sep-11,10-Feb-12
Citizens Bank of Northern California,Nevada City,CA,33983,Tri Counties Bank,23-Sep-11,10-Feb-12
Bank of the Commonwealth,Norfolk,VA,20408,Southern Bank and Trust Company,23-Sep-11,10-Feb-12
First National Bank of Florida,Milton,FL,25155,CharterBank,9-Sep-11,10-Feb-12
CreekSide Bank,Woodstock,GA,58226,Georgia Commerce Bank,2-Sep-11,10-Feb-12
Patriot Bank of Georgia,Cumming,GA,58273,Georgia Commerce Bank,2-Sep-11,10-Feb-12
First Choice Bank ,Geneva,IL,57212,Inland Bank & Trust,19-Aug-11,10-Feb-12
First Southern National Bank ,Statesboro,GA,57239,Heritage Bank of the South,19-Aug-11,10-Feb-12
Lydian Private Bank ,Palm Beach,FL,35356,"Sabadell United Bank, N.A.",19-Aug-11,10-Feb-12
Public Savings Bank ,Huntingdon Valley,PA,34130,"Capital Bank, N.A.",18-Aug-11,10-Feb-12
The First National Bank of Olathe ,Olathe,KS,4744,Enterprise Bank & Trust,12-Aug-11,10-Feb-12
Bank of Whitman ,Colfax,WA,22528,Columbia State Bank,5-Aug-11,10-Feb-12
Bank of Shorewood ,Shorewood,IL,22637,Heartland Bank and Trust Company,5-Aug-11,10-Feb-12
Integra Bank National Association ,Evansville,IN,4392,Old National Bank,29-Jul-11,10-Feb-12
"BankMeridian, N.A.",Columbia,SC,58222,SCBT National Association,29-Jul-11,10-Feb-12
Virginia Business Bank,Richmond,VA,58283,Xenith Bank,29-Jul-11,10-Feb-12
Bank of Choice,Greeley,CO,2994,"Bank Midwest, N.A.",22-Jul-11,10-Feb-12
LandMark Bank of Florida,Sarasota,FL,35244,American Momentum Bank,22-Jul-11,10-Feb-12
Southshore Community Bank,Apollo Beach,FL,58056,American Momentum Bank,22-Jul-11,10-Feb-12
Summit Bank,Prescott,AZ,57442,The Foothills Bank,15-Jul-11,10-Feb-12
First Peoples Bank,Port St. Lucie,FL,34870,"Premier American Bank, N.A.",15-Jul-11,10-Feb-12
High Trust Bank,Stockbridge,GA,19554,Ameris Bank,15-Jul-11,10-Feb-12
One Georgia Bank,Atlanta,GA,58238,Ameris Bank,15-Jul-11,10-Feb-12
Signature Bank,Windsor,CO,57835,Points West Community Bank,8-Jul-11,10-Feb-12
Colorado Capital Bank,Castle Rock,CO,34522,First-Citizens Bank & Trust Company,8-Jul-11,10-Feb-12
First Chicago Bank & Trust,Chicago,IL,27935,Northbrook Bank & Trust Company,8-Jul-11,10-Feb-12
Mountain Heritage Bank,Clayton,GA,57593,First American Bank and Trust Company,24-Jun-11,14-Sep-11
First Commercial Bank of Tampa Bay,Tampa,FL,27583,Stonegate Bank,17-Jun-11,14-Sep-11
McIntosh State Bank,Jackson,GA,19237,Hamilton State Bank,17-Jun-11,14-Sep-11
Atlantic Bank and Trust,Charleston,SC,58420,"First Citizens Bank and Trust Company, Inc.",3-Jun-11,2-Nov-11
First Heritage Bank,Snohomish,WA,23626,Columbia State Bank,27-May-11,15-Dec-11
Summit Bank,Burlington,WA,513,Columbia State Bank,20-May-11,15-Dec-11
First Georgia Banking Company,Franklin,GA,57647,"CertusBank, National Association",20-May-11,14-Sep-11
Atlantic Southern Bank,Macon,GA,57213,"CertusBank, National Association",20-May-11,14-Sep-11
Coastal Bank,Cocoa Beach,FL,34898,"Florida Community Bank, a division of Premier American Bank, N.A.",6-May-11,14-Sep-11
Community Central Bank,Mount Clemens,MI,34234,Talmer Bank & Trust,29-Apr-11,14-Sep-11
The Park Avenue Bank,Valdosta,GA,19797,Bank of the Ozarks,29-Apr-11,14-Sep-11
First Choice Community Bank,Dallas,GA,58539,Bank of the Ozarks,29-Apr-11,14-Sep-11
Cortez Community Bank,Brooksville,FL,57625,"Florida Community Bank, a division of Premier American Bank, N.A.",29-Apr-11,14-Sep-11
First National Bank of Central Florida,Winter Park,FL,26297,"Florida Community Bank, a division of Premier American Bank, N.A.",29-Apr-11,14-Sep-11
Heritage Banking Group,Carthage,MS,14273,Trustmark National Bank,15-Apr-11,23-Nov-11
Rosemount National Bank,Rosemount,MN,24099,Central Bank,15-Apr-11,14-Sep-11
Superior Bank,Birmingham,AL,17750,"Superior Bank, National Association",15-Apr-11,14-Sep-11
Nexity Bank,Birmingham,AL,19794,AloStar Bank of Commerce,15-Apr-11,14-Sep-11
New Horizons Bank,East Ellijay,GA,57705,Citizens South Bank,15-Apr-11,14-Sep-11
Bartow County Bank,Cartersville,GA,21495,Hamilton State Bank,15-Apr-11,14-Sep-11
Nevada Commerce Bank,Las Vegas,NV,35418,City National Bank,8-Apr-11,15-Dec-11
Western Springs National Bank and Trust,Western Springs,IL,10086,Heartland Bank and Trust Company,8-Apr-11,14-Sep-11
The Bank of Commerce,Wood Dale,IL,34292,Advantage National Bank Group,25-Mar-11,19-May-11
Legacy Bank,Milwaukee,WI,34818,Seaway Bank and Trust Company,11-Mar-11,20-May-11
First National Bank of Davis,Davis,OK,4077,The Pauls Valley National Bank,11-Mar-11,27-Apr-11
Valley Community Bank,St. Charles,IL,34187,First State Bank,25-Feb-11,27-Apr-11
"San Luis Trust Bank, FSB ",San Luis Obispo,CA,34783,First California Bank,18-Feb-11,15-Dec-11
Charter Oak Bank,Napa,CA,57855,Bank of Marin,18-Feb-11,15-Dec-11
Citizens Bank of Effingham,Springfield,GA,34601,Heritage Bank of the South,18-Feb-11,27-Apr-11
Habersham Bank,Clarkesville,GA,151,SCBT National Association,18-Feb-11,20-May-11
Canyon National Bank,Palm Springs,CA,34692,Pacific Premier Bank,11-Feb-11,15-Dec-11
Badger State Bank,Cassville,WI,13272,Royal Bank,11-Feb-11,26-Oct-11
Peoples State Bank,Hamtramck,MI,14939,First Michigan Bank,11-Feb-11,27-Apr-11
Sunshine State Community Bank,Port Orange,FL,35478,"Premier American Bank, N.A.",11-Feb-11,27-Apr-11
Community First Bank Chicago,Chicago,IL,57948,Northbrook Bank & Trust Company,4-Feb-11,22-Dec-11
North Georgia Bank,Watkinsville,GA,35242,BankSouth,4-Feb-11,26-Oct-11
American Trust Bank,Roswell,GA,57432,Renasant Bank,4-Feb-11,26-Oct-11
First Community Bank,Taos,NM,12261,"U.S. Bank, N.A.",28-Jan-11,15-Dec-11
FirsTier Bank,Louisville,CO,57646,No Acquirer,28-Jan-11,15-Dec-11
Evergreen State Bank,Stoughton,WI,5328,McFarland State Bank,28-Jan-11,27-Apr-11
The First State Bank,Camargo,OK,2303,Bank 7,28-Jan-11,27-Apr-11
United Western Bank,Denver,CO,31293,First-Citizens Bank & Trust Company,21-Jan-11,15-Dec-11
The Bank of Asheville,Asheville,NC,34516,First Bank,21-Jan-11,6-Feb-12
CommunitySouth Bank & Trust,Easley,SC,57868,"CertusBank, National Association",21-Jan-11,27-Apr-11
Enterprise Banking Company,McDonough,GA,19758,No Acquirer,21-Jan-11,27-Apr-11
Oglethorpe Bank,Brunswick,GA,57440,Bank of the Ozarks,14-Jan-11,26-Oct-11
Legacy Bank,Scottsdale,AZ,57820,Enterprise Bank & Trust,7-Jan-11,15-Dec-11
First Commercial Bank of Florida,Orlando,FL,34965,First Southern Bank,7-Jan-11,22-Dec-11
Community National Bank,Lino Lakes,MN,23306,Farmers & Merchants Savings Bank,17-Dec-10,22-Dec-11
First Southern Bank ,Batesville,AR,58052,Southern Bank,17-Dec-10,22-Dec-11
"United Americas Bank, N.A.",Atlanta,GA,35065,State Bank and Trust Company,17-Dec-10,8-Mar-11
"Appalachian Community Bank, FSB ",McCaysville,GA,58495,Peoples Bank of East Tennessee,17-Dec-10,27-Dec-11
Chestatee State Bank,Dawsonville,GA,34578,Bank of the Ozarks,17-Dec-10,22-Dec-11
"The Bank of Miami,N.A.",Coral Gables,FL,19040,1st United Bank,17-Dec-10,8-Mar-11
Earthstar Bank,Southampton,PA,35561,Polonia Bank,10-Dec-10,8-Mar-11
Paramount Bank,Farmington Hills,MI,34673,Level One Bank,10-Dec-10,8-Mar-11
First Banking Center,Burlington,WI,5287,First Michigan Bank,19-Nov-10,22-Dec-11
Allegiance Bank of North America,Bala Cynwyd,PA,35078,VIST Bank,19-Nov-10,27-Dec-11
Gulf State Community Bank,Carrabelle,FL,20340,Centennial Bank,19-Nov-10,8-Mar-11
Copper Star Bank,Scottsdale,AZ,35463,"Stearns Bank, N.A.",12-Nov-10,22-Dec-11
Darby Bank & Trust Co.,Vidalia,GA,14580,Ameris Bank,12-Nov-10,27-Dec-11
Tifton Banking Company,Tifton,GA,57831,Ameris Bank,12-Nov-10,23-Nov-11
First Vietnamese American Bank,Westminster,CA,57885,Grandpoint Bank,5-Nov-10,8-Mar-11
Pierce Commercial Bank,Tacoma,WA,34411,Heritage Bank,5-Nov-10,15-Dec-11
Western Commercial Bank,Woodland Hills,CA,58087,First California Bank,5-Nov-10,15-Dec-11
K Bank,Randallstown,MD,31263,Manufacturers and Traders Trust Company (M&T Bank),5-Nov-10,21-Dec-11
"First Arizona Savings, A FSB",Scottsdale,AZ,32582,No Acquirer,22-Oct-10,15-Dec-11
Hillcrest Bank,Overland Park,KS,22173,"Hillcrest Bank, N.A.",22-Oct-10,8-Mar-11
First Suburban National Bank,Maywood,IL,16089,Seaway Bank and Trust Company,22-Oct-10,28-Oct-11
The First National Bank of Barnesville,Barnesville,GA,2119,United Bank,22-Oct-10,14-Jul-11
The Gordon Bank,Gordon,GA,33904,Morris Bank,22-Oct-10,3-Aug-11
Progress Bank of Florida,Tampa,FL,32251,Bay Cities Bank,22-Oct-10,5-Aug-11
First Bank of Jacksonville,Jacksonville,FL,27573,Ameris Bank,22-Oct-10,22-Dec-11
Premier Bank,Jefferson City,MO,34016,Providence Bank,15-Oct-10,5-Aug-11
WestBridge Bank and Trust Company,Chesterfield,MO,58205,Midland States Bank,15-Oct-10,27-Dec-11
"Security Savings Bank, F.S.B.",Olathe,KS,30898,Simmons First National Bank,15-Oct-10,25-Jul-11
Shoreline Bank,Shoreline,WA,35250,GBC International Bank,1-Oct-10,15-Dec-11
Wakulla Bank,Crawfordville,FL,21777,Centennial Bank,1-Oct-10,20-May-11
North County Bank,Arlington,WA,35053,Whidbey Island Bank,24-Sep-10,15-Dec-11
Haven Trust Bank Florida,Ponte Vedra Beach,FL,58308,First Southern Bank,24-Sep-10,8-Mar-11
Maritime Savings Bank,West Allis,WI,28612,"North Shore Bank, FSB",17-Sep-10,21-Dec-11
Bramble Savings Bank,Milford,OH,27808,Foundation Bank,17-Sep-10,22-Dec-11
The Peoples Bank,Winder,GA,182,Community & Southern Bank,17-Sep-10,8-Mar-11
First Commerce Community Bank,Douglasville,GA,57448,Community & Southern Bank,17-Sep-10,22-Dec-11
Bank of Ellijay,Ellijay,GA,58197,Community & Southern Bank,17-Sep-10,27-Dec-11
ISN Bank,Cherry Hill,NJ,57107,Customers Bank,17-Sep-10,21-Dec-11
Horizon Bank,Bradenton,FL,35061,Bank of the Ozarks,10-Sep-10,21-Dec-11
Sonoma Valley Bank,Sonoma,CA,27259,Westamerica Bank,20-Aug-10,15-Dec-11
Los Padres Bank,Solvang,CA,32165,Pacific Western Bank,20-Aug-10,15-Dec-11
Butte Community Bank,Chico,CA,33219,"Rabobank, N.A.",20-Aug-10,15-Dec-11
Pacific State Bank,Stockton,CA,27090,"Rabobank, N.A.",20-Aug-10,15-Dec-11
ShoreBank,Chicago,IL,15640,Urban Partnership Bank,20-Aug-10,15-Jun-11
Imperial Savings and Loan Association,Martinsville,VA,31623,"River Community Bank, N.A.",20-Aug-10,21-Dec-11
Independent National Bank,Ocala,FL,27344,"CenterState Bank of Florida, N.A.",20-Aug-10,21-Dec-11
Community National Bank at Bartow,Bartow,FL,25266,"CenterState Bank of Florida, N.A.",20-Aug-10,22-Dec-11
Palos Bank and Trust Company,Palos Heights,IL,17599,First Midwest Bank,13-Aug-10,20-Dec-11
Ravenswood Bank,Chicago,IL,34231,Northbrook Bank & Trust Company,6-Aug-10,28-Sep-11
LibertyBank,Eugene,OR,31964,Home Federal Bank,30-Jul-10,15-Dec-11
The Cowlitz Bank,Longview,WA,22643,Heritage Bank,30-Jul-10,15-Dec-11
Coastal Community Bank,Panama City Beach,FL,9619,Centennial Bank,30-Jul-10,29-Sep-11
Bayside Savings Bank,Port Saint Joe,FL,57669,Centennial Bank,30-Jul-10,22-Dec-11
Northwest Bank & Trust,Acworth,GA,57658,State Bank and Trust Company,30-Jul-10,29-Sep-11
Home Valley Bank ,Cave Junction,OR,23181,South Valley Bank & Trust,23-Jul-10,15-Dec-11
SouthwestUSA Bank ,Las Vegas,NV,35434,Plaza Bank,23-Jul-10,15-Dec-11
Community Security Bank ,New Prague,MN,34486,Roundbank,23-Jul-10,19-Sep-11
Thunder Bank ,Sylvan Grove,KS,10506,The Bennington State Bank,23-Jul-10,28-Sep-11
Williamsburg First National Bank ,Kingstree,SC,17837,"First Citizens Bank and Trust Company, Inc.",23-Jul-10,27-Dec-11
Crescent Bank and Trust Company ,Jasper,GA,27559,Renasant Bank,23-Jul-10,22-Dec-11
Sterling Bank ,Lantana,FL,32536,IBERIABANK,23-Jul-10,14-Sep-11
"Mainstreet Savings Bank, FSB",Hastings,MI,28136,Commercial Bank,16-Jul-10,14-Sep-11
Olde Cypress Community Bank,Clewiston,FL,28864,"CenterState Bank of Florida, N.A.",16-Jul-10,20-Dec-11
Turnberry Bank,Aventura,FL,32280,NAFH National Bank,16-Jul-10,14-Sep-11
Metro Bank of Dade County,Miami,FL,25172,NAFH National Bank,16-Jul-10,21-Dec-11
First National Bank of the South,Spartanburg,SC,35383,NAFH National Bank,16-Jul-10,11-Aug-11
Woodlands Bank,Bluffton,SC,32571,Bank of the Ozarks,16-Jul-10,7-Mar-11
Home National Bank,Blackwell,OK,11636,RCB Bank,9-Jul-10,16-Mar-11
USA Bank,Port Chester,NY,58072,New Century Bank,9-Jul-10,14-Sep-11
Ideal Federal Savings Bank,Baltimore,MD,32456,No Acquirer,9-Jul-10,7-Mar-11
Bay National Bank,Baltimore,MD,35462,"Bay Bank, FSB",9-Jul-10,22-Dec-11
High Desert State Bank,Albuquerque,NM,35279,First American Bank,25-Jun-10,15-Dec-11
First National Bank,Savannah,GA,34152,"The Savannah Bank, N.A.",25-Jun-10,14-Sep-10
Peninsula Bank,Englewood,FL,26563,"Premier American Bank, N.A.",25-Jun-10,14-Sep-11
Nevada Security Bank,Reno,NV,57110,Umpqua Bank,18-Jun-10,15-Dec-11
Washington First International Bank,Seattle,WA,32955,East West Bank,11-Jun-10,15-Dec-11
TierOne Bank,Lincoln,NE,29341,Great Western Bank,4-Jun-10,9-Aug-11
Arcola Homestead Savings Bank,Arcola,IL,31813,No Acquirer,4-Jun-10,15-Dec-11
First National Bank,Rosedale,MS,15814,The Jefferson Bank,4-Jun-10,14-Sep-11
Sun West Bank,Las Vegas,NV,34785,City National Bank,28-May-10,14-Sep-11
"Granite Community Bank, NA",Granite Bay,CA,57315,Tri Counties Bank,28-May-10,15-Dec-11
Bank of Florida - Tampa,Tampa,FL,57814,EverBank,28-May-10,14-Sep-11
Bank of Florida - Southwest,Naples,FL,35106,EverBank,28-May-10,14-Sep-11
Bank of Florida - Southeast,Fort Lauderdale,FL,57360,EverBank,28-May-10,14-Sep-11
Pinehurst Bank,Saint Paul,MN,57735,Coulee Bank,21-May-10,15-Dec-11
Midwest Bank and Trust Company,Elmwood Park,IL,18117,"FirstMerit Bank, N.A.",14-May-10,15-Dec-11
Southwest Community Bank,Springfield,MO,34255,Simmons First National Bank,14-May-10,14-Sep-11
New Liberty Bank,Plymouth,MI,35586,Bank of Ann Arbor,14-May-10,14-Sep-11
Satilla Community Bank,Saint Marys,GA,35114,Ameris Bank,14-May-10,9-Aug-11
1st Pacific Bank of California,San Diego,CA,35517,City National Bank,7-May-10,14-Sep-11
Towne Bank of Arizona,Mesa,AZ,57697,Commerce Bank of Arizona,7-May-10,15-Dec-11
Access Bank,Champlin,MN,16476,PrinsBank,7-May-10,27-Dec-11
The Bank of Bonifay,Bonifay,FL,14246,First Federal Bank of Florida,7-May-10,26-Aug-10
Frontier Bank,Everett,WA,22710,"Union Bank, N.A.",30-Apr-10,15-Dec-11
BC National Banks,Butler,MO,17792,Community First Bank,30-Apr-10,14-Sep-11
Champion Bank,Creve Coeur,MO,58362,BankLiberty,30-Apr-10,14-Sep-11
CF Bancorp,Port Huron,MI,30005,First Michigan Bank,30-Apr-10,15-Dec-11
Westernbank Puerto Rico,Mayaguez,PR,31027,Banco Popular de Puerto Rico,30-Apr-10,9-Aug-11
R-G Premier Bank of Puerto Rico,Hato Rey,PR,32185,Scotiabank de Puerto Rico,30-Apr-10,14-Sep-11
Eurobank,San Juan,PR,27150,Oriental Bank and Trust,30-Apr-10,18-Aug-11
Wheatland Bank,Naperville,IL,58429,Wheaton Bank & Trust,23-Apr-10,15-Dec-11
Peotone Bank and Trust Company,Peotone,IL,10888,First Midwest Bank,23-Apr-10,15-Dec-11
Lincoln Park Savings Bank,Chicago,IL,30600,Northbrook Bank & Trust Company,23-Apr-10,15-Dec-11
New Century Bank,Chicago,IL,34821,"MB Financial Bank, N.A.",23-Apr-10,15-Dec-11
Citizens Bank and Trust Company of Chicago,Chicago,IL,34658,Republic Bank of Chicago,23-Apr-10,15-Dec-11
Broadway Bank,Chicago,IL,22853,"MB Financial Bank, N.A.",23-Apr-10,15-Dec-11
"Amcore Bank, National Association",Rockford,IL,3735,Harris N.A.,23-Apr-10,15-Dec-11
City Bank,Lynnwood,WA,21521,Whidbey Island Bank,16-Apr-10,15-Dec-11
Tamalpais Bank,San Rafael,CA,33493,"Union Bank, N.A.",16-Apr-10,15-Dec-11
Innovative Bank,Oakland,CA,23876,Center Bank,16-Apr-10,15-Dec-11
Butler Bank,Lowell,MA,26619,People's United Bank,16-Apr-10,14-Sep-11
Riverside National Bank of Florida,Fort Pierce,FL,24067,"TD Bank, N.A.",16-Apr-10,14-Sep-11
AmericanFirst Bank,Clermont,FL,57724,"TD Bank, N.A.",16-Apr-10,14-Sep-11
First Federal Bank of North Florida,Palatka,FL,28886,"TD Bank, N.A.",16-Apr-10,22-Dec-11
Lakeside Community Bank,Sterling Heights,MI,34878,No Acquirer,16-Apr-10,15-Dec-11
Beach First National Bank,Myrtle Beach,SC,34242,Bank of North Carolina,9-Apr-10,22-Dec-11
Desert Hills Bank,Phoenix,AZ,57060,New York Community Bank,26-Mar-10,15-Dec-11
Unity National Bank,Cartersville,GA,34678,Bank of the Ozarks,26-Mar-10,14-Sep-11
Key West Bank,Key West,FL,34684,Centennial Bank,26-Mar-10,14-Sep-11
McIntosh Commercial Bank,Carrollton,GA,57399,CharterBank,26-Mar-10,14-Sep-11
State Bank of Aurora,Aurora,MN,8221,Northern State Bank,19-Mar-10,15-Dec-11
First Lowndes Bank,Fort Deposit,AL,24957,First Citizens Bank,19-Mar-10,22-Dec-11
Bank of Hiawassee,Hiawassee,GA,10054,Citizens South Bank,19-Mar-10,14-Sep-11
Appalachian Community Bank,Ellijay,GA,33989,Community & Southern Bank,19-Mar-10,14-Sep-11
Advanta Bank Corp.,Draper,UT,33535,No Acquirer,19-Mar-10,15-Dec-11
Century Security Bank,Duluth,GA,58104,Bank of Upson,19-Mar-10,14-Sep-11
American National Bank,Parma,OH,18806,The National Bank and Trust Company,19-Mar-10,27-Dec-11
Statewide Bank,Covington,LA,29561,Home Bank,12-Mar-10,14-Sep-11
Old Southern Bank,Orlando,FL,58182,Centennial Bank,12-Mar-10,14-Sep-11
The Park Avenue Bank,New York,NY,27096,Valley National Bank,12-Mar-10,8-Aug-11
LibertyPointe Bank,New York,NY,58071,Valley National Bank,11-Mar-10,14-Sep-11
Centennial Bank,Ogden,UT,34430,No Acquirer,5-Mar-10,22-Dec-11
Waterfield Bank,Germantown,MD,34976,No Acquirer,5-Mar-10,15-Dec-11
Bank of Illinois,Normal,IL,9268,Heartland Bank and Trust Company,5-Mar-10,15-Dec-11
Sun American Bank,Boca Raton,FL,27126,First-Citizens Bank & Trust Company,5-Mar-10,15-Dec-11
Rainier Pacific Bank,Tacoma,WA,38129,Umpqua Bank,26-Feb-10,14-Sep-11
Carson River Community Bank,Carson City,NV,58352,Heritage Bank of Nevada,26-Feb-10,15-Dec-11
"La Jolla Bank, FSB",La Jolla,CA,32423,"OneWest Bank, FSB",19-Feb-10,15-Dec-11
George Washington Savings Bank,Orland Park,IL,29952,"FirstMerit Bank, N.A.",19-Feb-10,15-Dec-11
The La Coste National Bank,La Coste,TX,3287,Community National Bank,19-Feb-10,11-Aug-11
Marco Community Bank,Marco Island,FL,57586,Mutual of Omaha Bank,19-Feb-10,12-Aug-11
1st American State Bank of Minnesota,Hancock,MN,15448,"Community Development Bank, FSB",5-Feb-10,15-Dec-11
American Marine Bank,Bainbridge Island,WA,16730,Columbia State Bank,29-Jan-10,15-Dec-11
First Regional Bank,Los Angeles,CA,23011,First-Citizens Bank & Trust Company,29-Jan-10,15-Dec-11
Community Bank and Trust,Cornelia,GA,5702,SCBT National Association,29-Jan-10,22-Dec-11
"Marshall Bank, N.A.",Hallock,MN,16133,United Valley Bank,29-Jan-10,14-Sep-11
Florida Community Bank,Immokalee,FL,5672,"Premier American Bank, N.A.",29-Jan-10,4-Aug-11
First National Bank of Georgia,Carrollton,GA,16480,Community & Southern Bank,29-Jan-10,15-Aug-11
Columbia River Bank,The Dalles,OR,22469,Columbia State Bank,22-Jan-10,15-Dec-11
Evergreen Bank,Seattle,WA,20501,Umpqua Bank,22-Jan-10,15-Dec-11
Charter Bank,Santa Fe,NM,32498,Charter Bank,22-Jan-10,14-Sep-11
Bank of Leeton,Leeton,MO,8265,"Sunflower Bank, N.A.",22-Jan-10,4-Aug-11
Premier American Bank,Miami,FL,57147,"Premier American Bank, N.A.",22-Jan-10,14-Sep-11
Barnes Banking Company,Kaysville,UT,1252,No Acquirer,15-Jan-10,15-Dec-11
St. Stephen State Bank,St. Stephen,MN,17522,First State Bank of St. Joseph,15-Jan-10,14-Sep-11
Town Community Bank & Trust,Antioch,IL,34705,First American Bank,15-Jan-10,14-Sep-11
Horizon Bank,Bellingham,WA,22977,Washington Federal Savings and Loan Association,8-Jan-10,15-Dec-11
"First Federal Bank of California, F.S.B.",Santa Monica,CA,28536,"OneWest Bank, FSB",18-Dec-09,15-Dec-11
Imperial Capital Bank,La Jolla,CA,26348,City National Bank,18-Dec-09,15-Dec-11
Independent Bankers' Bank,Springfield,IL,26820,The Independent BankersBank (TIB),18-Dec-09,27-Dec-11
New South Federal Savings Bank,Irondale,AL,32276,Beal Bank,18-Dec-09,14-Sep-11
Citizens State Bank,New Baltimore,MI,1006,No Acquirer,18-Dec-09,27-Aug-10
Peoples First Community Bank,Panama City,FL,32167,Hancock Bank,18-Dec-09,14-Sep-11
RockBridge Commercial Bank,Atlanta,GA,58315,No Acquirer,18-Dec-09,27-Apr-11
SolutionsBank,Overland Park,KS,4731,Arvest Bank,11-Dec-09,14-Sep-11
"Valley Capital Bank, N.A.",Mesa,AZ,58399,Enterprise Bank & Trust,11-Dec-09,15-Dec-11
"Republic Federal Bank, N.A.",Miami,FL,22846,1st United Bank,11-Dec-09,3-Aug-11
Greater Atlantic Bank,Reston,VA,32583,Sonabank,4-Dec-09,7-Jul-11
Benchmark Bank,Aurora,IL,10440,"MB Financial Bank, N.A.",4-Dec-09,22-Dec-11
AmTrust Bank,Cleveland,OH,29776,New York Community Bank,4-Dec-09,9-Aug-11
The Tattnall Bank,Reidsville,GA,12080,Heritage Bank of the South,4-Dec-09,17-Jun-11
First Security National Bank,Norcross,GA,26290,State Bank and Trust Company,4-Dec-09,22-Dec-11
The Buckhead Community Bank,Atlanta,GA,34663,State Bank and Trust Company,4-Dec-09,9-Dec-10
Commerce Bank of Southwest Florida,Fort Myers,FL,58016,Central Bank,20-Nov-09,14-Sep-11
Pacific Coast National Bank,San Clemente,CA,57914,Sunwest Bank,13-Nov-09,15-Dec-11
Orion Bank,Naples,FL,22427,IBERIABANK,13-Nov-09,14-Sep-11
"Century Bank, F.S.B.",Sarasota,FL,32267,IBERIABANK,13-Nov-09,24-Mar-10
United Commercial Bank,San Francisco,CA,32469,East West Bank,6-Nov-09,15-Dec-11
Gateway Bank of St. Louis,St. Louis,MO,19450,Central Bank of Kansas City,6-Nov-09,27-Aug-10
Prosperan Bank,Oakdale,MN,35074,"Alerus Financial, N.A.",6-Nov-09,10-Aug-11
Home Federal Savings Bank,Detroit,MI,30329,Liberty Bank and Trust Company,6-Nov-09,21-Dec-11
United Security Bank,Sparta,GA,22286,Ameris Bank,6-Nov-09,14-Sep-11
North Houston Bank,Houston,TX,18776,U.S. Bank N.A.,30-Oct-09,14-Sep-11
Madisonville State Bank,Madisonville,TX,33782,U.S. Bank N.A.,30-Oct-09,21-Dec-11
Citizens National Bank,Teague,TX,25222,U.S. Bank N.A.,30-Oct-09,22-Dec-11
Park National Bank,Chicago,IL,11677,U.S. Bank N.A.,30-Oct-09,5-Aug-11
Pacific National Bank,San Francisco,CA,30006,U.S. Bank N.A.,30-Oct-09,15-Dec-11
California National Bank,Los Angeles,CA,34659,U.S. Bank N.A.,30-Oct-09,15-Dec-11
San Diego National Bank,San Diego,CA,23594,U.S. Bank N.A.,30-Oct-09,15-Dec-11
Community Bank of Lemont,Lemont,IL,35291,U.S. Bank N.A.,30-Oct-09,3-Aug-11
"Bank USA, N.A.",Phoenix,AZ,32218,U.S. Bank N.A.,30-Oct-09,22-Dec-11
First DuPage Bank,Westmont,IL,35038,First Midwest Bank,23-Oct-09,22-Dec-11
Riverview Community Bank,Otsego,MN,57525,Central Bank,23-Oct-09,14-Sep-11
Bank of Elmwood,Racine,WI,18321,Tri City National Bank,23-Oct-09,27-Dec-11
Flagship National Bank,Bradenton,FL,35044,First Federal Bank of Florida,23-Oct-09,14-Sep-11
Hillcrest Bank Florida,Naples,FL,58336,Stonegate Bank,23-Oct-09,4-Aug-11
American United Bank,Lawrenceville,GA,57794,Ameris Bank,23-Oct-09,27-Dec-11
Partners Bank,Naples,FL,57959,Stonegate Bank,23-Oct-09,14-Sep-11
San Joaquin Bank,Bakersfield,CA,23266,Citizens Business Bank,16-Oct-09,15-Dec-11
Southern Colorado National Bank,Pueblo,CO,57263,Legacy Bank,2-Oct-09,15-Dec-11
Jennings State Bank,Spring Grove,MN,11416,Central Bank,2-Oct-09,14-Sep-11
Warren Bank,Warren,MI,34824,The Huntington National Bank,2-Oct-09,3-Aug-11
Georgian Bank,Atlanta,GA,57151,"First Citizens Bank and Trust Company, Inc.",25-Sep-09,14-Sep-11
"Irwin Union Bank, F.S.B.",Louisville,KY,57068,"First Financial Bank, N.A.",18-Sep-09,21-Dec-11
Irwin Union Bank and Trust Company,Columbus,IN,10100,"First Financial Bank, N.A.",18-Sep-09,14-Sep-11
Venture Bank,Lacey,WA,22868,First-Citizens Bank & Trust Company,11-Sep-09,15-Dec-11
Brickwell Community Bank,Woodbury,MN,57736,CorTrust Bank N.A.,11-Sep-09,14-Sep-11
"Corus Bank, N.A.",Chicago,IL,13693,"MB Financial Bank, N.A.",11-Sep-09,23-May-11
First State Bank,Flagstaff,AZ,34875,Sunwest Bank,4-Sep-09,22-Dec-11
Platinum Community Bank,Rolling Meadows,IL,35030,No Acquirer,4-Sep-09,14-Apr-11
Vantus Bank,Sioux City,IA,27732,Great Southern Bank,4-Sep-09,14-Sep-11
InBank,Oak Forest,IL,20203,"MB Financial Bank, N.A.",4-Sep-09,14-Sep-11
First Bank of Kansas City,Kansas City,MO,25231,Great American Bank,4-Sep-09,14-Sep-11
Affinity Bank,Ventura,CA,27197,Pacific Western Bank,28-Aug-09,15-Dec-11
Mainstreet Bank,Forest Lake,MN,1909,Central Bank,28-Aug-09,14-Sep-11
Bradford Bank,Baltimore,MD,28312,Manufacturers and Traders Trust Company (M&T Bank),28-Aug-09,14-Sep-11
Guaranty Bank,Austin,TX,32618,BBVA Compass,21-Aug-09,11-Aug-11
CapitalSouth Bank,Birmingham,AL,22130,IBERIABANK,21-Aug-09,14-Sep-11
First Coweta Bank,Newnan,GA,57702,United Bank,21-Aug-09,22-Dec-11
ebank,Atlanta,GA,34682,"Stearns Bank, N.A.",21-Aug-09,14-Sep-11
Community Bank of Nevada,Las Vegas,NV,34043,No Acquirer,14-Aug-09,15-Dec-11
Community Bank of Arizona,Phoenix,AZ,57645,MidFirst Bank,14-Aug-09,22-Dec-11
"Union Bank, National Association",Gilbert,AZ,34485,MidFirst Bank,14-Aug-09,15-Dec-11
Colonial Bank,Montgomery,AL,9609,"Branch Banking & Trust Company, (BB&T)",14-Aug-09,14-Sep-11
Dwelling House Savings and Loan Association,Pittsburgh,PA,31559,"PNC Bank, N.A.",14-Aug-09,3-Aug-11
Community First Bank,Prineville,OR,23268,Home Federal Bank,7-Aug-09,22-Dec-11
Community National Bank of Sarasota County,Venice,FL,27183,"Stearns Bank, N.A.",7-Aug-09,22-Dec-11
First State Bank,Sarasota,FL,27364,"Stearns Bank, N.A.",7-Aug-09,23-Sep-10
Mutual Bank,Harvey,IL,18659,United Central Bank,31-Jul-09,14-Sep-11
First BankAmericano,Elizabeth,NJ,34270,Crown Bank,31-Jul-09,22-Dec-11
Peoples Community Bank,West Chester,OH,32288,"First Financial Bank, N.A.",31-Jul-09,5-Aug-11
Integrity Bank,Jupiter,FL,57604,Stonegate Bank,31-Jul-09,3-Aug-11
First State Bank of Altus,Altus,OK,9873,Herring Bank,31-Jul-09,22-Dec-11
Security Bank of Jones County,Gray,GA,8486,State Bank and Trust Company,24-Jul-09,3-Aug-11
Security Bank of Houston County,Perry,GA,27048,State Bank and Trust Company,24-Jul-09,3-Aug-11
Security Bank of Bibb County,Macon,GA,27367,State Bank and Trust Company,24-Jul-09,3-Aug-11
Security Bank of North Metro,Woodstock,GA,57105,State Bank and Trust Company,24-Jul-09,17-Aug-11
Security Bank of North Fulton,Alpharetta,GA,57430,State Bank and Trust Company,24-Jul-09,3-Aug-11
Security Bank of Gwinnett County,Suwanee,GA,57346,State Bank and Trust Company,24-Jul-09,3-Aug-11
Waterford Village Bank,Williamsville,NY,58065,"Evans Bank, N.A.",24-Jul-09,9-Aug-11
Temecula Valley Bank,Temecula,CA,34341,First-Citizens Bank & Trust Company,17-Jul-09,15-Dec-11
Vineyard Bank,Rancho Cucamonga,CA,23556,California Bank & Trust,17-Jul-09,15-Dec-11
BankFirst,Sioux Falls,SD,34103,"Alerus Financial, N.A.",17-Jul-09,10-Aug-11
First Piedmont Bank,Winder,GA,34594,First American Bank and Trust Company,17-Jul-09,4-Aug-11
Bank of Wyoming,Thermopolis,WY,22754,Central Bank & Trust,10-Jul-09,15-Dec-11
Founders Bank,Worth,IL,18390,The PrivateBank and Trust Company,2-Jul-09,11-Aug-11
Millennium State Bank of Texas,Dallas,TX,57667,State Bank of Texas,2-Jul-09,28-Sep-10
First National Bank of Danville,Danville,IL,3644,"First Financial Bank, N.A.",2-Jul-09,27-Aug-10
Elizabeth State Bank,Elizabeth,IL,9262,Galena State Bank and Trust Company,2-Jul-09,27-Aug-10
Rock River Bank,Oregon,IL,15302,The Harvard State Bank,2-Jul-09,10-Aug-11
First State Bank of Winchester,Winchester,IL,11710,The First National Bank of Beardstown,2-Jul-09,9-Aug-11
John Warner Bank,Clinton,IL,12093,State Bank of Lincoln,2-Jul-09,9-Aug-11
Mirae Bank,Los Angeles,CA,57332,Wilshire State Bank,26-Jun-09,27-Aug-10
MetroPacific Bank,Irvine,CA,57893,Sunwest Bank,26-Jun-09,14-Sep-11
Horizon Bank,Pine City,MN,9744,"Stearns Bank, N.A.",26-Jun-09,11-Aug-11
Neighborhood Community Bank,Newnan,GA,35285,CharterBank,26-Jun-09,14-Sep-11
Community Bank of West Georgia,Villa Rica,GA,57436,No Acquirer,26-Jun-09,27-Aug-10
First National Bank of Anthony,Anthony,KS,4614,Bank of Kansas,19-Jun-09,27-Aug-10
Cooperative Bank,Wilmington,NC,27837,First Bank,19-Jun-09,22-Dec-11
Southern Community Bank,Fayetteville,GA,35251,United Community Bank,19-Jun-09,14-Sep-11
Bank of Lincolnwood,Lincolnwood,IL,17309,Republic Bank of Chicago,5-Jun-09,14-Sep-11
Citizens National Bank,Macomb,IL,5757,Morton Community Bank,22-May-09,22-Dec-11
Strategic Capital Bank,Champaign,IL,35175,Midland States Bank,22-May-09,24-Aug-11
"BankUnited, FSB",Coral Gables,FL,32247,BankUnited,21-May-09,22-Dec-11
Westsound Bank,Bremerton,WA,34843,Kitsap Bank,8-May-09,15-Dec-11
America West Bank,Layton,UT,35461,Cache Valley Bank,1-May-09,15-Dec-11
Citizens Community Bank,Ridgewood,NJ,57563,North Jersey Community Bank,1-May-09,27-Aug-10
"Silverton Bank, NA",Atlanta,GA,26535,No Acquirer,1-May-09,27-Aug-10
First Bank of Idaho,Ketchum,ID,34396,"U.S. Bank, N.A.",24-Apr-09,15-Dec-11
First Bank of Beverly Hills,Calabasas,CA,32069,No Acquirer,24-Apr-09,15-Dec-11
Michigan Heritage Bank,Farmington Hills,MI,34369,Level One Bank,24-Apr-09,27-Aug-10
American Southern Bank,Kennesaw,GA,57943,Bank of North Georgia,24-Apr-09,27-Aug-10
Great Basin Bank of Nevada,Elko,NV,33824,Nevada State Bank,17-Apr-09,15-Dec-11
American Sterling Bank,Sugar Creek,MO,8266,Metcalf Bank,17-Apr-09,27-Aug-10
New Frontier Bank,Greeley,CO,34881,No Acquirer,10-Apr-09,27-Aug-10
Cape Fear Bank,Wilmington,NC,34639,First Federal Savings and Loan Association,10-Apr-09,14-Sep-11
Omni National Bank,Atlanta,GA,22238,No Acquirer,27-Mar-09,27-Apr-11
"TeamBank, NA",Paola,KS,4754,Great Southern Bank,20-Mar-09,14-Sep-11
Colorado National Bank,Colorado Springs,CO,18896,Herring Bank,20-Mar-09,27-Aug-10
FirstCity Bank,Stockbridge,GA,18243,No Acquirer,20-Mar-09,27-Aug-10
Freedom Bank of Georgia,Commerce,GA,57558,Northeast Georgia Bank,6-Mar-09,14-Sep-11
Security Savings Bank,Henderson,NV,34820,Bank of Nevada,27-Feb-09,27-Aug-10
Heritage Community Bank,Glenwood,IL,20078,"MB Financial Bank, N.A.",27-Feb-09,27-Aug-10
Silver Falls Bank,Silverton,OR,35399,Citizens Bank,20-Feb-09,27-Aug-10
Pinnacle Bank of Oregon,Beaverton,OR,57342,Washington Trust Bank of Spokane,13-Feb-09,14-Sep-11
Corn Belt Bank & Trust Co.,Pittsfield,IL,16500,The Carlinville National Bank,13-Feb-09,27-Aug-10
Riverside Bank of the Gulf Coast,Cape Coral,FL,34563,TIB Bank,13-Feb-09,27-Aug-10
Sherman County Bank,Loup City,NE,5431,Heritage Bank,13-Feb-09,27-Aug-10
County Bank,Merced,CA,22574,Westamerica Bank,6-Feb-09,14-Sep-11
Alliance Bank,Culver City,CA,23124,California Bank & Trust,6-Feb-09,14-Sep-11
FirstBank Financial Services,McDonough,GA,57017,Regions Bank,6-Feb-09,27-Aug-10
Ocala National Bank,Ocala,FL,26538,"CenterState Bank of Florida, N.A.",30-Jan-09,27-Aug-10
Suburban FSB,Crofton,MD,30763,Bank of Essex,30-Jan-09,14-Sep-11
MagnetBank,Salt Lake City,UT,58001,No Acquirer,30-Jan-09,22-Sep-10
1st Centennial Bank,Redlands,CA,33025,First California Bank,23-Jan-09,27-Aug-10
Bank of Clark County,Vancouver,WA,34959,Umpqua Bank,16-Jan-09,27-Aug-10
National Bank of Commerce,Berkeley,IL,19733,Republic Bank of Chicago,16-Jan-09,27-Aug-10
Sanderson State Bank,Sanderson,TX,11568,The Pecos County State Bank,12-Dec-08,27-Aug-10
Haven Trust Bank,Duluth,GA,35379,"Branch Banking & Trust Company, (BB&T)",12-Dec-08,27-Aug-10
First Georgia Community Bank,Jackson,GA,34301,United Bank,5-Dec-08,27-Aug-10
PFF Bank & Trust ,Pomona,CA,28344,"U.S. Bank, N.A.",21-Nov-08,27-Aug-10
Downey Savings & Loan,Newport Beach,CA,30968,"U.S. Bank, N.A.",21-Nov-08,27-Aug-10
Community Bank,Loganville,GA,16490,Bank of Essex,21-Nov-08,27-Aug-10
Security Pacific Bank,Los Angeles,CA,23595,Pacific Western Bank,7-Nov-08,27-Aug-10
"Franklin Bank, SSB",Houston,TX,26870,Prosperity Bank,7-Nov-08,30-Mar-10
Freedom Bank,Bradenton,FL,57930,Fifth Third Bank,31-Oct-08,27-Aug-10
Alpha Bank & Trust,Alpharetta,GA,58241,"Stearns Bank, N.A.",24-Oct-08,27-Aug-10
Meridian Bank,Eldred,IL,13789,National Bank,10-Oct-08,27-Aug-10
Main Street Bank,Northville,MI,57654,Monroe Bank & Trust,10-Oct-08,27-Aug-10
Washington Mutual Bank,Henderson,NV,32633,JP Morgan Chase Bank,25-Sep-08,15-Dec-11
Ameribank,Northfork,WV,6782,The Citizens Savings Bank,19-Sep-08,27-Aug-10
Silver State Bank,Henderson,NV,34194,Nevada State Bank,5-Sep-08,27-Aug-10
Integrity Bank,Alpharetta,GA,35469,Regions Bank,29-Aug-08,27-Aug-10
Columbian Bank & Trust,Topeka,KS,22728,Citizens Bank & Trust,22-Aug-08,27-Aug-10
First Priority Bank,Bradenton,FL,57523,SunTrust Bank,1-Aug-08,27-Aug-10
"First Heritage Bank, NA",Newport Beach,CA,57961,Mutual of Omaha Bank,25-Jul-08,27-Aug-10
First National Bank of Nevada,Reno,NV,27011,Mutual of Omaha Bank,25-Jul-08,27-Aug-10
IndyMac Bank,Pasadena,CA,29730,"OneWest Bank, FSB",11-Jul-08,15-Dec-10
"First Integrity Bank, NA",Staples,MN,12736,First International Bank and Trust,30-May-08,27-Aug-10
"ANB Financial, NA",Bentonville,AR,33901,Pulaski Bank and Trust Company,9-May-08,27-Aug-10
Hume Bank,Hume,MO,1971,Security Bank,7-Mar-08,27-Aug-10
Douglass National Bank,Kansas City,MO,24660,Liberty Bank and Trust Company,25-Jan-08,27-Aug-10
Miami Valley Bank,Lakeview,OH,16848,The Citizens Banking Company,4-Oct-07,5-Apr-11
NetBank,Alpharetta,GA,32575,ING DIRECT,28-Sep-07,27-Aug-10
Metropolitan Savings Bank,Pittsburgh,PA,35353,Allegheny Valley Bank of Pittsburgh,2-Feb-07,27-Aug-10
Bank of Ephraim,Ephraim,UT,1249,Far West Bank,25-Jun-04,9-Apr-08
Reliance Bank,White Plains,NY,26778,Union State Bank,19-Mar-04,9-Apr-08
Guaranty National Bank of Tallahassee,Tallahassee,FL,26838,Hancock Bank of Florida,12-Mar-04,30-Aug-10
Dollar Savings Bank,Newark,NJ,31330,No Acquirer,14-Feb-04,9-Apr-08
Pulaski Savings Bank,Philadelphia,PA,27203,Earthstar Bank,14-Nov-03,22-Jul-05
First National Bank of Blanchardville,Blanchardville,WI,11639,The Park Bank,9-May-03,21-Sep-10
Southern Pacific Bank,Torrance,CA,27094,Beal Bank,7-Feb-03,20-Oct-08
Farmers Bank of Cheneyville,Cheneyville,LA,16445,Sabine State Bank & Trust,17-Dec-02,20-Oct-04
Bank of Alamo,Alamo,TN,9961,No Acquirer,8-Nov-02,18-Mar-05
AmTrade International Bank,Atlanta,GA,33784,No Acquirer,30-Sep-02,11-Sep-06
Universal Federal Savings Bank,Chicago,IL,29355,Chicago Community Bank,27-Jun-02,9-Apr-08
Connecticut Bank of Commerce,Stamford,CT,19183,Hudson United Bank,26-Jun-02,14-Feb-12
New Century Bank,Shelby Township,MI,34979,No Acquirer,28-Mar-02,18-Mar-05
Net 1st National Bank,Boca Raton,FL,26652,Bank Leumi USA,1-Mar-02,9-Apr-08
"NextBank, NA",Phoenix,AZ,22314,No Acquirer,7-Feb-02,27-Aug-10
Oakwood Deposit Bank Co.,Oakwood,OH,8966,The State Bank & Trust Company,1-Feb-02,27-Aug-10
Bank of Sierra Blanca,Sierra Blanca,TX,22002,The Security State Bank of Pecos,18-Jan-02,6-Nov-03
"Hamilton Bank, NA",Miami,FL,24382,Israel Discount Bank of New York,11-Jan-02,27-Aug-10
Sinclair National Bank,Gravette,AR,34248,Delta Trust & Bank,7-Sep-01,10-Feb-04
"Superior Bank, FSB",Hinsdale,IL,32646,"Superior Federal, FSB",27-Jul-01,16-Mar-11
Malta National Bank,Malta,OH,6629,North Valley Bank,3-May-01,18-Nov-02
First Alliance Bank & Trust Co.,Manchester,NH,34264,Southern New Hampshire Bank & Trust,2-Feb-01,18-Feb-03
National State Bank of Metropolis,Metropolis,IL,3815,Banterra Bank of Marion,14-Dec-00,17-Mar-05
Bank of Honolulu,Honolulu,HI,21029,Bank of the Orient,13-Oct-00,17-Mar-05
